[
  {
    "name": "Timed Robot",
    "description": "Timed style",
    "tags": [
      "Timed"
    ],
    "foldername": "timed",
    "gradlebase": "java",
    "mainclass": "Main",
    "commandversion": 1
  },
  {
    "name": "Timed Skeleton (Advanced)",
    "description": "Skeleton (stub) code for TimedRobot",
    "tags": [
      "Timed", "Skeleton"
    ],
    "foldername": "timedskeleton",
    "gradlebase": "java",
    "mainclass": "Main",
    "commandversion": 1
  },
  {
    "name": "RobotBase Skeleton (Advanced)",
    "description": "Skeleton (stub) code for RobotBase",
    "tags": [
      "RobotBase", "Skeleton"
    ],
    "foldername": "robotbaseskeleton",
    "gradlebase": "java",
    "mainclass": "Main",
    "commandversion": 1
  },
  {
    "name": "Command Robot",
    "description": "Command style",
    "tags": [
      "Command"
    ],
    "foldername": "commandbased",
    "gradlebase": "java",
    "mainclass": "Main",
    "commandversion": 2
  },
  {
    "name": "Old Command Robot",
    "description": "Old-command style (deprecated)",
    "tags": [
      "Command"
    ],
    "foldername": "oldcommandbased",
    "gradlebase": "java",
    "mainclass": "Main",
    "commandversion": 1
  }
]
